{
	"name": "thomar-123mop-tables",
	"title": "thomar-123mop-tables",
	"description": "Tables from thomar and 123mop provided on reddit and compiled into FVTT tables by YourDNDPleasesMe",
	"author": "YourDNDPleasesMe",
	"version": "1.0.0",
	"minimumCoreVersion": "0.5.0",
	"packs": [{
		"name": "RollTable",
		"label": "thomar's and 123mop's magic weapons",
		"path": "packs/RollTable.db",
		"entity": "RollTable",
		"module": "thomar-123mop-tables"
	}],
	"manifest": "https://raw.githubusercontent.com/YourDNDPleasesMe/thomar-123mop-tables/main/module.json",
	"download": "https://github.com/YourDNDPleasesMe/thomar-123mop-tables/blob/main/thomar-123mop-tables-main.zip?raw=true"
}
